filename, url
globe-backaground.jpg, https://www.pexels.com/photo/shallow-focus-photo-of-world-globe-1098515/
earth-blue-planet-globe-planet-41953.jpeg, https://www.pexels.com/photo/earth-space-universe-globe-41953/
desk-office-pen-ruler.jpg, https://www.pexels.com/photo/desk-office-pen-ruler-2097/
street-sign.jpeg, https://www.pexels.com/photo/brown-and-grey-street-sign-2873651/
rows-of-sweets.jpeg, https://www.pexels.com/photo/set-of-delicious-jelly-and-caramel-sweets-arranged-in-lines-by-type-4016509/
import-shipping-containers.jpeg, https://www.pexels.com/photo/birds-eye-view-photo-of-freight-containers-2226458/
united-nations.jpeg, https://www.pexels.com/photo/flag-of-different-countries-un-members-4468974/
pexels-photo-346696.jpeg, https://www.pexels.com/photo/globe-on-sand-346696/
pexels-photo-1111313.jpeg, https://www.pexels.com/photo/bookmark-lot-1111313/
pexels-photo-3737703.jpeg, https://www.pexels.com/photo/abstract-background-of-colorful-painted-water-and-oil-3737703/
pexels-photo-6985119.jpeg, https://www.pexels.com/photo/colorful-gradient-6985119/
pexels-photo-1193742.jpeg, https://www.pexels.com/photo/multicolored-decor-lot-1193742/
pexels-photo-7431661.jpeg, https://www.pexels.com/photo/dirty-leaf-mockup-rustic-7431661/